URL,Last crawled
https://instrumenteonline.ro/kapcsolat/,2026-04-11
https://instrumenteonline.ro/hero/kep/stergere-metadata.png/,2026-04-10
https://instrumenteonline.ro/hero/adat/filtrare-randuri-csv.png/,2026-04-10
https://instrumenteonline.ro/hero/fajl/extragere-zip.png/,2026-04-09
https://instrumenteonline.ro/hero/kep/convertor-png-jpg.png/,2026-04-09
https://instrumenteonline.ro/hero/kep/convertor-jpg-avif.png/,2026-04-07
https://instrumenteonline.ro/hero/fejleszto/formatare-json.png/,2026-04-03
https://instrumenteonline.ro/hero/fejleszto/formatare-html.png/,2026-04-02
https://instrumenteonline.ro/hero/excel/conversie-csv-excel.png/,2026-04-02
https://instrumenteonline.ro/felhasznalasi-feltetelek/,2026-04-02
https://instrumenteonline.ro/og/kep/convertor-jpg-avif.png/,2026-03-30